"url","twitterUrl","id","text","retweetCount","replyCount","likeCount","quoteCount","createdAt","bookmarkCount","isRetweet","isQuote"
"https://x.com/ZachLucianista/status/1803574372793197046","https://twitter.com/ZachLucianista/status/1803574372793197046","1803574372793197046","Eu no auge do Bradesco","0","0","0","0","Wed Jun 19 23:43:33 +0000 2024","0","false","true"
"https://x.com/m1k34ft0n/status/1803571811981914538","https://twitter.com/m1k34ft0n/status/1803571811981914538","1803571811981914538","façam: 
19 anos
6 namoros
2 chifres
0 tatuagem
0 piercing
1 animal de estimação
0 cirurgia 
0 empregos
3 decepções amorosas
0 osso quebrado
3/4 mudanças de casa
2 escolas
1 faculdade (fazendo
1 enem  
uns 5 cursos (a maior parte da fundação bradesco","0","0","1","0","Wed Jun 19 23:33:23 +0000 2024","0","false","true"
"https://x.com/irkvic/status/1803570099938328651","https://twitter.com/irkvic/status/1803570099938328651","1803570099938328651","pedir um empréstimo do Bradesco p tomar esse ainda esse mês","0","0","3","0","Wed Jun 19 23:26:35 +0000 2024","0","false","true"
"https://x.com/olivclaras/status/1803568417204568520","https://twitter.com/olivclaras/status/1803568417204568520","1803568417204568520","concordo com quase tudo mas o nubank foi certeiro demais. qd o meu amor usa o cartão do bradesco eu fico até mais apaixonada","0","0","2","0","Wed Jun 19 23:19:53 +0000 2024","0","false","false"
"https://x.com/TheOnePinkiePie/status/1803564305356296258","https://twitter.com/TheOnePinkiePie/status/1803564305356296258","1803564305356296258","mlk eu xinguei tanto que até O BRADESCO apareceu nas minhas respostas

vamo vê se agora esses corno param de me ligar, oq eu duvido pq nem sequer é da conta oficial do Bradesco e sim muito provavelmente são uns cara querendo me dar golpe","0","2","10","0","Wed Jun 19 23:03:33 +0000 2024","0","false","true"
"https://x.com/Deusbigol/status/1803559800380239917","https://twitter.com/Deusbigol/status/1803559800380239917","1803559800380239917","Te ajudo abrir conta corrente no banco Bradesco","0","0","1","0","Wed Jun 19 22:45:39 +0000 2024","0","false","true"
"https://x.com/yurifmr/status/1803545406598525036","https://twitter.com/yurifmr/status/1803545406598525036","1803545406598525036","INFORMAÇÃO: Porsche é um dos carros de impacto que o Yuri tenta a compra. Parece impossível, mas não seria surpresa se o Bradesco patrocinasse.","0","0","0","0","Wed Jun 19 21:48:27 +0000 2024","0","false","true"
"https://x.com/toputocaraio/status/1803536370943566101","https://twitter.com/toputocaraio/status/1803536370943566101","1803536370943566101","o bradesco bucetinha recrutando via twitter","0","1","1","0","Wed Jun 19 21:12:33 +0000 2024","0","false","true"
"https://x.com/arrobaFrufru/status/1803530474708672698","https://twitter.com/arrobaFrufru/status/1803530474708672698","1803530474708672698","Acabei de ter minha ideia de negocio perfeita, se prepare Bradesco e Santander, um novo banco mais vermelho do que vcs está para chegar","0","1","6","0","Wed Jun 19 20:49:07 +0000 2024","0","false","true"
"https://x.com/_aveia_em_po/status/1803521003672498375","https://twitter.com/_aveia_em_po/status/1803521003672498375","1803521003672498375","oiiiii bradesco","0","0","1","0","Wed Jun 19 20:11:29 +0000 2024","0","false","true"
"https://x.com/_mafrart/status/1803519283961450985","https://twitter.com/_mafrart/status/1803519283961450985","1803519283961450985","Bradesco e Santander são vermelhos por serem marxistas, obviamente","0","0","0","0","Wed Jun 19 20:04:39 +0000 2024","0","false","true"
"https://x.com/apesjr/status/1803511671593509295","https://twitter.com/apesjr/status/1803511671593509295","1803511671593509295","Emocionante, esquerdista esta cancelando a conta no banco que traz inúmeros serviços gratuitos e preferem dar mais dinheiro para os bancos maiores como itau, Bradesco, etc","0","0","0","0","Wed Jun 19 19:34:24 +0000 2024","0","false","true"
"https://x.com/thekwinx/status/1803511646205231556","https://twitter.com/thekwinx/status/1803511646205231556","1803511646205231556","por isso eu tenho conta na Bradesco, o primeiro banco comunista","0","1","2","0","Wed Jun 19 19:34:18 +0000 2024","0","false","true"
"https://x.com/mickdubresil/status/1803511004137136379","https://twitter.com/mickdubresil/status/1803511004137136379","1803511004137136379","Tem um comentário aqui dizendo que Itaú, Bradesco e XP são de esquerda. 
Sério.","0","0","0","0","Wed Jun 19 19:31:45 +0000 2024","0","false","true"
"https://x.com/foorafff/status/1803510072020013112","https://twitter.com/foorafff/status/1803510072020013112","1803510072020013112","oloco bradesco é guevarista?","0","0","3","0","Wed Jun 19 19:28:03 +0000 2024","0","false","true"
"https://x.com/OCONSULTORMAIA/status/1803508747949474272","https://twitter.com/OCONSULTORMAIA/status/1803508747949474272","1803508747949474272","É O DÓLAR O NUBANK , ITAÚ , BRADESCO , BANESPA , UNIBANCO E BANCO NACIONAL, ALÉM DE BANERJ TUDO NU NACIANAL DO POBRE ! LULA APROVADO FÉLA!","0","0","1","0","Wed Jun 19 19:22:47 +0000 2024","0","false","true"
"https://x.com/abwguar/status/1803484785529999370","https://twitter.com/abwguar/status/1803484785529999370","1803484785529999370","concordo e acho absolutamente absurdo que apoiem movimentos de extrema direita, mas assim, é um banco
vocês acham que o itau, bradesco, santander, c6, inter, etc são de esquerda comunistas e agem pela libertação do povo? tenho um limite alto nesse lixo de banco, não vou cancelar","0","0","0","0","Wed Jun 19 17:47:34 +0000 2024","0","false","true"
"https://x.com/fofovalverde/status/1803483549166633072","https://twitter.com/fofovalverde/status/1803483549166633072","1803483549166633072","por isso que meu dinheiro tá no Bradesco, conhecido pelo espírito revolucionário","0","3","24","0","Wed Jun 19 17:42:39 +0000 2024","0","false","true"
"https://x.com/igorsooares/status/1803483179996655842","https://twitter.com/igorsooares/status/1803483179996655842","1803483179996655842","venham para o Bradesco amigas que tem sede em Osasco 

banco periférico ✊🏽","0","0","11","0","Wed Jun 19 17:41:11 +0000 2024","0","false","true"
"https://x.com/Joao2F/status/1803478329330217149","https://twitter.com/Joao2F/status/1803478329330217149","1803478329330217149","Bradesco tá atrasado....kkkkk","0","0","0","0","Wed Jun 19 17:21:55 +0000 2024","0","false","true"
"https://x.com/tatabadesso/status/1803472182657380534","https://twitter.com/tatabadesso/status/1803472182657380534","1803472182657380534","procuro cia para este tipo de rolê","0","0","0","0","Wed Jun 19 16:57:29 +0000 2024","0","false","true"
"https://x.com/waiiatore/status/1803467261027525041","https://twitter.com/waiiatore/status/1803467261027525041","1803467261027525041","já perdi as contas de quantas vzs abri o Bradesco hj desde as 8h da manhã","0","0","1","0","Wed Jun 19 16:37:56 +0000 2024","0","false","true"
"https://x.com/otavi0XI/status/1803466190204833827","https://twitter.com/otavi0XI/status/1803466190204833827","1803466190204833827","Nunca é a vez do Itaú, pqp.

Já foi Santander, Bradesco, Nubank. Até arriscaram um boicote ao Itaú por causa do ""ritual da Madonna"", mas não ganhou corpo. Tô esperando até hoje.","8","3","132","0","Wed Jun 19 16:33:41 +0000 2024","5","false","true"
"https://x.com/tatabadesso/status/1803452313043927091","https://twitter.com/tatabadesso/status/1803452313043927091","1803452313043927091","estou presa nesse vídeo","0","0","0","0","Wed Jun 19 15:38:32 +0000 2024","0","false","true"
"https://x.com/tatabadesso/status/1803449183703011590","https://twitter.com/tatabadesso/status/1803449183703011590","1803449183703011590","Gente???????","0","0","0","0","Wed Jun 19 15:26:06 +0000 2024","0","false","true"
"https://x.com/fachini_sp/status/1803446175032300033","https://twitter.com/fachini_sp/status/1803446175032300033","1803446175032300033","Bora pru nubank.. cancelando do @Bradesco @itau 👍👍👍👍👍👍👍","0","0","0","0","Wed Jun 19 15:14:09 +0000 2024","0","false","true"
"https://x.com/PlinioGalo13/status/1803445018637865208","https://twitter.com/PlinioGalo13/status/1803445018637865208","1803445018637865208","Uma agência do Bradesco e outra da CEF também foram arrombadas essa madrugada, dessa vez em Contagem e Betim. 

Difícil hein, difícil.🤦🏽‍♂️","0","2","1","0","Wed Jun 19 15:09:33 +0000 2024","0","false","true"
"https://x.com/UaiNaCarmen/status/1803443939514470406","https://twitter.com/UaiNaCarmen/status/1803443939514470406","1803443939514470406","nem pro Itaú, Bradesco, Santander ou qualquer outro.

cês vão trocar 6 por meia dúzia kkkkk","1","0","3","0","Wed Jun 19 15:05:16 +0000 2024","0","false","true"
"https://x.com/Samuelsworld/status/1803440445994701045","https://twitter.com/Samuelsworld/status/1803440445994701045","1803440445994701045","😄😜 Bradesco BBDR4 dando compra só agora em INBR32, ""por arrumar a casa"".

Seria cômico se não fosse trágico. https://t.co/MIOQkGdIaw","2","4","21","0","Wed Jun 19 14:51:23 +0000 2024","0","false","true"
"https://x.com/OsmarBarbozza/status/1803422580012904645","https://twitter.com/OsmarBarbozza/status/1803422580012904645","1803422580012904645","Sucessão BC.
""Outros nomes especulados por agentes de mercado são o do economista-chefe do Bradesco, Fernando Honorato Barbosa, e o do economista André Lara Resende.","0","0","0","0","Wed Jun 19 13:40:23 +0000 2024","0","false","true"
"https://x.com/OsmarBarbozza/status/1803416199394463947","https://twitter.com/OsmarBarbozza/status/1803416199394463947","1803416199394463947","Sucessão BC.
""Outros nomes especulados por agentes de mercado são o do economista-chefe do Bradesco, Fernando Honorato Barbosa, e o do economista André Lara Resende.","0","0","0","0","Wed Jun 19 13:15:02 +0000 2024","0","false","true"
"https://x.com/OsmarBarbozza/status/1803415675777556783","https://twitter.com/OsmarBarbozza/status/1803415675777556783","1803415675777556783","Sucessão BC.
""Outros nomes especulados por agentes de mercado são o do economista-chefe do Bradesco, Fernando Honorato Barbosa, e o do economista André Lara Resende.","0","0","0","0","Wed Jun 19 13:12:57 +0000 2024","0","false","true"
"https://x.com/OsmarBarbozza/status/1803415526061781249","https://twitter.com/OsmarBarbozza/status/1803415526061781249","1803415526061781249","Sucessão BC.
""Outros nomes especulados por agentes de mercado são o do economista-chefe do Bradesco, Fernando Honorato Barbosa, e o do economista André Lara Resende.","0","0","0","0","Wed Jun 19 13:12:21 +0000 2024","0","false","true"
"https://x.com/Adilson_Rhoden/status/1803410758622937188","https://twitter.com/Adilson_Rhoden/status/1803410758622937188","1803410758622937188","@paoladcs melhor ir pro Bradesco e pagar infinitas taxas a tarifas.
Vão aprender economia na prática!","0","0","0","0","Wed Jun 19 12:53:25 +0000 2024","0","false","true"
"https://x.com/emicosalum/status/1803404237633716704","https://twitter.com/emicosalum/status/1803404237633716704","1803404237633716704","Babaca , eu tenho minha conta do Bradesco cancelada todo dia e eu nunca tive nada com o banco !!!! Tente ligar os ponto , talvez vc tenha neurônio pra isso !!!!","0","0","0","0","Wed Jun 19 12:27:30 +0000 2024","0","false","true"
"https://x.com/Adilson_Rhoden/status/1803393231658295498","https://twitter.com/Adilson_Rhoden/status/1803393231658295498","1803393231658295498","Ou no Bradesco pagando tarifa de tudo que é tipo!","0","0","0","0","Wed Jun 19 11:43:46 +0000 2024","0","false","true"
"https://x.com/leocsmavax/status/1803386765245358202","https://twitter.com/leocsmavax/status/1803386765245358202","1803386765245358202","Sugiro a leitura deste artigo para as instituições financeiras do Brasil 👇
https://t.co/CpZuqpkoXk

#Avalanche #AVAX @Bradesco @itau @nubank","0","1","0","0","Wed Jun 19 11:18:04 +0000 2024","0","false","true"
"https://x.com/goraduerra/status/1803381981901639699","https://twitter.com/goraduerra/status/1803381981901639699","1803381981901639699","muito obrigada buseta bradesco","0","1","124","0","Wed Jun 19 10:59:04 +0000 2024","1","false","true"
"https://x.com/mechamedenat/status/1803369519731069406","https://twitter.com/mechamedenat/status/1803369519731069406","1803369519731069406","reclamei no Bacen do Bradesco pq faziam eu ir lá todo mês pedir estorno de taxa abusiva
reclamei e aí o ligaram querendo q eu fosse lá assinar pela última vez o estorno
Falei que n entrava mais no Bradesco pq já tava cansada
Pois o homem foi no meu trabalho pra eu assinar 1 folh","0","1","2","0","Wed Jun 19 10:09:33 +0000 2024","0","false","true"
"https://x.com/eunaosouovitor/status/1803363032711430481","https://twitter.com/eunaosouovitor/status/1803363032711430481","1803363032711430481","Agora que meu cartão do Bradesco chegou, estarei dropando essa bomba em breve...","0","0","0","0","Wed Jun 19 09:43:46 +0000 2024","0","false","true"
"https://x.com/tatabadesso/status/1803361965156253907","https://twitter.com/tatabadesso/status/1803361965156253907","1803361965156253907","preguiça dessa","0","0","0","0","Wed Jun 19 09:39:31 +0000 2024","0","false","true"
"https://x.com/anitterig/status/1803358090126872825","https://twitter.com/anitterig/status/1803358090126872825","1803358090126872825","E aí fica a minha critica ao sistema de lixo q vivemos: não posso cancelar pq simplesmente é o único cartão que tenho limite pra passar o mês (o Bradesco está comprometido com parcelas). Ou seja, me tornaram refém da própria perversidade deles","0","0","0","0","Wed Jun 19 09:24:08 +0000 2024","0","false","true"
"https://x.com/taenightflower/status/1803342731256709158","https://twitter.com/taenightflower/status/1803342731256709158","1803342731256709158","apesar de usar crédito da xp e minha irmã dizer pra eu deixar o dinheiro lá (pq investimento é algo da vida adulta que eu não quero aprender) não fecho meu bradesco por nada nesse mundo ele está lá bem bonitinho faço pix por lá se precisar vou reclamar com alguém que existe","0","0","4","0","Wed Jun 19 08:23:06 +0000 2024","0","false","true"
"https://x.com/DireitaMaria/status/1803339616839192623","https://twitter.com/DireitaMaria/status/1803339616839192623","1803339616839192623","Ontem foi o lançamento de pré-candidatura da nossa Vice-prefeita, Alexandra Ferro

🇧🇷🇦🇷🇮🇹
Jair Bolsonaro Zucco Elon Musk
Campos Neto Valdemar Brasil Paralelo Nubank Itaú Bradesco Portugal
🚨
#BebesNaoSaoMonstros
Monstro Datafolha Merval LULA TEM RAZÃO Lira
https://t.co/pDxbcLdSU9","1","0","2","0","Wed Jun 19 08:10:43 +0000 2024","1","false","true"
"https://x.com/DireitaMaria/status/1803336051991175168","https://twitter.com/DireitaMaria/status/1803336051991175168","1803336051991175168","A eleição acontece quando os votos são contados!...

🇧🇷🇦🇷🇮🇹🇮🇱🇵🇹🇯🇵🇺🇲
Jair Bolsonaro Zucco Elon Musk
Campos Neto Valdemar Brasil Paralelo Nubank Itaú Bradesco Portugal
🚨
#BebesNaoSaoMonstros
Monstro Datafolha Merval LULA TEM RAZÃO Arthur Lira Paulo Pimenta
https://t.co/Yld8iG8JL1","0","0","0","0","Wed Jun 19 07:56:33 +0000 2024","0","false","true"
"https://x.com/DireitaMaria/status/1803335034272637179","https://twitter.com/DireitaMaria/status/1803335034272637179","1803335034272637179","Otários. Trouxas. Palermas. Eis seu líder.

🇧🇷🇦🇷🇮🇹🇮🇱🇵🇹🇯🇵🇺🇲
Jair Bolsonaro Zucco Elon Musk
Campos Neto Valdemar Brasil Paralelo Nubank Itaú Bradesco Portugal
🚨
#BebesNaoSaoMonstros
Monstro Datafolha Merval LULA TEM RAZÃO Arthur Lira Paulo Pimenta Montanha
https://t.co/UDKaKEj2wn","1","0","2","0","Wed Jun 19 07:52:31 +0000 2024","0","false","true"
"https://x.com/DireitaMaria/status/1803334406418903464","https://twitter.com/DireitaMaria/status/1803334406418903464","1803334406418903464","O pobre que votou no Lula vendo esse vídeo: 🤡🤡🤡🤡🤡

🇧🇷🇦🇷🇮🇹🇮🇱🇵🇹🇯🇵
Jair Bolsonaro Zucco Elon Musk
Campos Neto Valdemar Brasil Paralelo Nubank Itaú Bradesco Portugal
🚨
#BebesNaoSaoMonstros
Monstro Datafolha Merval LULA TEM RAZÃO Arthur Lira Paulo Pimenta
https://t.co/ydWitHagpA","0","0","1","0","Wed Jun 19 07:50:01 +0000 2024","0","false","true"
"https://x.com/DireitaMaria/status/1803331984439005197","https://twitter.com/DireitaMaria/status/1803331984439005197","1803331984439005197","Vergonha, vergonha, vergonha. 🦑🤡🦑🤡

🇧🇷🇦🇷🇮🇹🇮🇱🇵🇹🇯🇵🇺🇲🇲🇫
Jair Bolsonaro Zucco Elon Musk
Campos Neto Valdemar Brasil Paralelo Nubank Itaú Bradesco Portugal
🚨
#BebesNaoSaoMonstros
Monstro Datafolha Merval LULA TEM RAZÃO
https://t.co/aZQa2gJMfK","0","1","1","0","Wed Jun 19 07:40:24 +0000 2024","0","false","true"
"https://x.com/DireitaMaria/status/1803301063837057161","https://twitter.com/DireitaMaria/status/1803301063837057161","1803301063837057161","Lula ataca o Banco Central e o efeito imediato é devastador: Dólar vai a R$ 5,44.

🇧🇷🇦🇷🇮🇹
Jair Bolsonaro Zucco Elon Musk
Campos Neto Valdemar Brasil Paralelo Alexandre Ramagem Nubank Itaú Bradesco
🚨
#BebesNaoSaoMonstros Monstro Datafolha Merval Senil Lula
https://t.co/Qczgejjnld","0","0","1","0","Wed Jun 19 05:37:31 +0000 2024","0","false","true"
"https://x.com/DireitaMaria/status/1803299912160805139","https://twitter.com/DireitaMaria/status/1803299912160805139","1803299912160805139","Desajustado é um presidente que mente desse jeito sem qualquer constrangimento...

🇧🇷🇦🇷🇮🇹
Jair Bolsonaro Zucco Elon Musk
Campos Neto Valdemar Brasil Paralelo Alexandre Ramagem Nubank Itaú Bradesco
🚨
#BebesNaoSaoMonstros Monstro Datafolha Merval Senil lula
https://t.co/jBlIwTw4GJ","1","1","2","0","Wed Jun 19 05:32:57 +0000 2024","0","false","true"
"https://x.com/DireitaMaria/status/1803296744618278930","https://twitter.com/DireitaMaria/status/1803296744618278930","1803296744618278930","Thiago dos Reis confessa como era o esquema de disparo de mensagens e grupos e subgrupos dentro....

🇧🇷🇦🇷
Jair Bolsonaro Zucco Elon
Campos Neto Valdemar Brasil Paralelo Alexandre Ramagem Nubank Itaú Bradesco
🚨
#BebesNaoSaoMonstros Monstro Datafolha Merval
https://t.co/gbiWfZtOGo","1","0","1","0","Wed Jun 19 05:20:22 +0000 2024","0","false","true"
"https://x.com/DireitaMaria/status/1803291295605035262","https://twitter.com/DireitaMaria/status/1803291295605035262","1803291295605035262","#VOALULA

🇧🇷🇦🇷🇮🇹🇮🇱🇵🇹🇯🇵🇩🇪🇲🇫🇺🇲
Jair Bolsonaro Zucco Elon Musk
Campos Neto Valdemar Brasil Paralelo Alexandre Ramagem Nubank Itaú Bradesco
🚨
#BebesNaoSaoMonstros 
Monstro Datafolha Merval

ARROZÃO 🌽  MILHÃO PRESO POLÍTICO MILÍCIA DIGITAL URNA ELETRÔNICA 
https://t.co/mr7Dx5X3eV","0","0","0","0","Wed Jun 19 04:58:43 +0000 2024","0","false","true"
"https://x.com/DireitaMaria/status/1803284889082446061","https://twitter.com/DireitaMaria/status/1803284889082446061","1803284889082446061","EXTRA: SEGUE O LINCHAMENTO DE HADDAD PELA ESCÓRIA QUE SOBROU NO PT

🇧🇷🇦🇷
Jair Bolsonaro Zucco
Campos Neto Valdemar Brasil Paralelo Nubank Itaú Bradesco
🚨
#BebesNaoSaoMonstros Datafolha Merval
ARROZÃO 🌽MILHÃO PRESO POLÍTICO MILÍCIA DIGITAL URNA ELETRÔNICA
https://t.co/ThH26VVJyC","0","0","1","0","Wed Jun 19 04:33:15 +0000 2024","0","false","true"
"https://x.com/DireitaMaria/status/1803282301867979119","https://twitter.com/DireitaMaria/status/1803282301867979119","1803282301867979119","Artigo de J. R. Guzzo: 'STF tem interesse zero em milícia digital petista, enquanto investiga aliados de Bolsonaro há 3 anos...

🇧🇷🇦🇷🇮🇹🇮🇱
Jair Bolsonaro Zucco
Campos Neto Brasil Paralelo Nubank Itaú Bradesco
🚨
#BebesNaoSaoMonstros Monstro Datafolha Merval
https://t.co/E3pRh8ee9N","0","0","1","0","Wed Jun 19 04:22:58 +0000 2024","0","false","true"
"https://x.com/seguetuanau/status/1803280927302291518","https://twitter.com/seguetuanau/status/1803280927302291518","1803280927302291518","Itaú teve metido com integralismo, bradesco ta envolvido em novo ensino médio e afins, santander cobra juros exorbitantes aqui pra financiar a monarquia espanhola (alem de umas táticas meio duvidosas), caixa e bb tem as ações na mao de Deus sabe quem (certamente ngm decente)…","2","1","17","0","Wed Jun 19 04:17:31 +0000 2024","0","false","true"
"https://x.com/DireitaMaria/status/1803280407955157276","https://twitter.com/DireitaMaria/status/1803280407955157276","1803280407955157276","Thiago dos Reis confessa como era o esquema de disparo de mensagens e grupos e subgrupos dentro da...

🇧🇷🇦🇷🇮🇹
Jair Bolsonaro Zucco
Campos Neto Valdemar Brasil Paralelo Alexandre Ramagem Nubank Itaú Bradesco
🚨
#BebesNaoSaoMonstros Monstro Datafolha Merval
https://t.co/7L9uhIMuPD","0","1","1","0","Wed Jun 19 04:15:27 +0000 2024","0","false","true"
"https://x.com/DireitaMaria/status/1803278694011588658","https://twitter.com/DireitaMaria/status/1803278694011588658","1803278694011588658","O retrato da incompetência!

🇧🇷🇦🇷🇮🇹🇮🇱🇵🇹🇯🇵🇺🇲🇩🇪🇲🇫
Jair Bolsonaro Zucco Elon Musk
Campos Neto Valdemar Brasil Paralelo Alexandre Ramagem Nubank Itaú Bradesco
🚨
#BebesNaoSaoMONSTROS Monstro Datafolha Merval Fernando Haddad Simone Tebet
https://t.co/So4tO84ZJV","0","1","0","0","Wed Jun 19 04:08:38 +0000 2024","0","false","true"
"https://x.com/PauloSantos1962/status/1803256494923628605","https://twitter.com/PauloSantos1962/status/1803256494923628605","1803256494923628605","Acabei de criar minha conta. Itaú e Bradesco tem que minguar ate falir.","0","1","1","0","Wed Jun 19 02:40:25 +0000 2024","0","false","true"
"https://x.com/safiraprado/status/1803254436455686645","https://twitter.com/safiraprado/status/1803254436455686645","1803254436455686645","Infelizmente, o @Bradesco nem aí pra mim no Bacen! 🥲","0","1","0","0","Wed Jun 19 02:32:15 +0000 2024","0","false","true"
"https://x.com/Raphel/status/1803251648980029496","https://twitter.com/Raphel/status/1803251648980029496","1803251648980029496","menos no @Bradesco que parece ter costas quentes, eu com documento mostrando o erro deles vou ter de entrar com uma ação contra o banco pois no Bacen eu já fui 2x e nada;","0","0","0","0","Wed Jun 19 02:21:10 +0000 2024","0","false","true"
"https://x.com/franklinjonne/status/1803245226946887764","https://twitter.com/franklinjonne/status/1803245226946887764","1803245226946887764","Todo mundo indicando o ITAÚ ou Bradesco","0","2","1","0","Wed Jun 19 01:55:39 +0000 2024","0","false","true"
"https://x.com/BanqueirosMatam/status/1803232397980303709","https://twitter.com/BanqueirosMatam/status/1803232397980303709","1803232397980303709","#jornaldacultura @jornal_cultura @tvcultura @Bradesco @BTGPactual @FEBRABAN @AlexSchwartsman 

Entendam por que as mídias ""patrocinadas"" pelos banqueiros Dealers fogem da Auditora Maria Lúcia Fattorelli como o diabo foge da cruz.
👇","0","0","0","0","Wed Jun 19 01:04:40 +0000 2024","0","false","true"
"https://x.com/BanqueirosMatam/status/1803231649871569123","https://twitter.com/BanqueirosMatam/status/1803231649871569123","1803231649871569123","#jornaldacultura @jornal_cultura @tvcultura @Bradesco @BTGPactual @FEBRABAN @AlexSchwartsman 
Não existe imprensa livre ""patrocinada"" pelos banqueiros Dealers.","0","0","0","0","Wed Jun 19 01:01:42 +0000 2024","0","false","true"
"https://x.com/tavosug/status/1803231646923035062","https://twitter.com/tavosug/status/1803231646923035062","1803231646923035062","n sou de aderir a esses boicotes mas n é de hoje q eu to querendo cancelar minha conta no nubank, tanto q nem tenho usado o cartao, q n tem nenhum benefício, pontos, nada, agora mais essa.. fora q tenho o dobro do limite no bradesco, q pelo menos tem programa de pontos

adiós","0","4","6","0","Wed Jun 19 01:01:41 +0000 2024","0","false","true"
"https://x.com/BanqueirosMatam/status/1803230974471254064","https://twitter.com/BanqueirosMatam/status/1803230974471254064","1803230974471254064","#jornaldacultura @jornal_cultura @tvcultura @Bradesco @BTGPactual @FEBRABAN @AlexSchwartsman

""Cortar gasto"" da Previdência dos idosos é uma forma de ESTUPRO à dignidade de um povo.
.","0","0","0","0","Wed Jun 19 00:59:01 +0000 2024","0","false","true"
"https://x.com/jeffesss_/status/1803229320724251058","https://twitter.com/jeffesss_/status/1803229320724251058","1803229320724251058","Sim pô! Do mesmo jeito que as pessoas caíam (ou ainda caem) no conto do vigário no centro de SP,  na rua barão de itapetininga numa tarde de quarta-feira depois de sacar um dinheiro no Bradesco 

😔","0","0","0","0","Wed Jun 19 00:52:27 +0000 2024","0","false","true"
"https://x.com/BanqueirosMatam/status/1803228228716290392","https://twitter.com/BanqueirosMatam/status/1803228228716290392","1803228228716290392","#jornaldacultura @tvcultura @Bradesco @BTGPactual @FEBRABAN @AlexSchwartsman

Não aceitem um Banco Central ""independente do povo"" e DEPENDENTE DOS BANQUEIROS QUE MANDAM NO MERCADO FINANCEIRO","2","1","4","0","Wed Jun 19 00:48:06 +0000 2024","0","false","true"
"https://x.com/BanqueirosMatam/status/1803227546093261266","https://twitter.com/BanqueirosMatam/status/1803227546093261266","1803227546093261266","#jornaldacultura @tvcultura @Bradesco @BTGPactual @FEBRABAN @AlexSchwartsman

Não deem ouvidos às mídias ""patrocinadas"" pelos banqueiros Dealers, ELAS MENTEM MAIS QUE O DIABO
👇","1","1","3","0","Wed Jun 19 00:45:23 +0000 2024","0","false","true"
"https://x.com/BanqueirosMatam/status/1803226682808992100","https://twitter.com/BanqueirosMatam/status/1803226682808992100","1803226682808992100","#jornaldacultura @tvcultura @Bradesco @BTGPactual @FEBRABAN @AlexSchwartsman

Entendam a dimensão da quadrilha instalada há décadas no Banco Central ""independente do Brasil""👇","2","0","2","0","Wed Jun 19 00:41:58 +0000 2024","0","false","true"
"https://x.com/BanqueirosMatam/status/1803222860930113892","https://twitter.com/BanqueirosMatam/status/1803222860930113892","1803222860930113892","#jornaldacultura @jornal_cultura @tvcultura @Bradesco @BTGPactual @FEBRABAN

Ao ""office boy"" de banqueiros @AlexSchwartsman no Jornal da TV Cultura ""patrocinada"" pelos banqueiros donos de Bradesco e BTG Pactual:
👇","2","0","4","0","Wed Jun 19 00:26:46 +0000 2024","0","false","true"
"https://x.com/BanqueirosMatam/status/1803220187061035470","https://twitter.com/BanqueirosMatam/status/1803220187061035470","1803220187061035470","#jornaldacultura @jornal_cultura @tvcultura @Bradesco @BTGPactual @FEBRABAN

O capacho de banqueiro @AlexSchwartsman no Jornal da TV Cultura ""patrocinada"" pelos banqueiros donos de Bradesco e BTG Pactual estrebucha porque a sociedade descobriu a quadrilha instalada no Bco Central","3","0","3","0","Wed Jun 19 00:16:09 +0000 2024","0","false","true"
"https://x.com/FlavioAragao93/status/1803214996706361526","https://twitter.com/FlavioAragao93/status/1803214996706361526","1803214996706361526","COE do Bradesco de Nvidia e agora isso…. É amigos grande risco do bull market ta acabando","0","1","26","0","Tue Jun 18 23:55:31 +0000 2024","0","false","true"
"https://x.com/jeanhugolauu/status/1803202987935908069","https://twitter.com/jeanhugolauu/status/1803202987935908069","1803202987935908069","Eu sendo obrigado a usar Bradesco para tudo 😭","0","0","0","0","Tue Jun 18 23:07:48 +0000 2024","0","false","true"
"https://x.com/cowgirlcartter/status/1803184292953985483","https://twitter.com/cowgirlcartter/status/1803184292953985483","1803184292953985483","nossa vou quitar minhas dívidas dessa bomba e usar Bradesco acho","0","1","1","0","Tue Jun 18 21:53:31 +0000 2024","0","false","true"
"https://x.com/caffeegelato/status/1803181181132804433","https://twitter.com/caffeegelato/status/1803181181132804433","1803181181132804433","fiz com a Bradesco esse mês","0","0","0","0","Tue Jun 18 21:41:09 +0000 2024","0","false","true"
"https://x.com/AgentRivia/status/1803180613328887819","https://twitter.com/AgentRivia/status/1803180613328887819","1803180613328887819","Já usei todos, Nubank, Inter, C6, Mercado Pago.....

DICA DE OURO: tenha uma conta em Banco tradicional, Itaú, Bradesco, Santander e etc. Todos tem conta grátis e app igual banco digital.

Digital: Fuja de Inter, C6, se tu tiver problema e precisar resolver com ChatBot MEU AMIGO.","0","1","1","0","Tue Jun 18 21:38:54 +0000 2024","0","false","true"
"https://x.com/PauloCostaOfic2/status/1803176614080958940","https://twitter.com/PauloCostaOfic2/status/1803176614080958940","1803176614080958940","Agradecemos ao @itau @BTGPactual @santander_br @Bradesco entre outros bancos terem apoiado descaradamente este débil mental que está na Presidência da República.

Não podemos deixar de agradecer a Rubens Ometto proprietário da @CosanBrasil entre outras empresas, que foi o primeiro doador para a campanha deste criminoso que voltou a cena do crime.

Jamais esqueceremos da @folha @tvglobo @Estadao @BandJornalismo entre outros veículos de comunicação que ajudaram a recolocar este lunático, ex presidiário, condenado por lavagem de dinheiro e corrupção como Presidente da República.

Mas a cereja do bolo vai para o STF e TSE.

Sem estas duas renomadas instituições o Brasil não viveria novamente este tsunami de escândalos, desvios e barbeiragens deste governo.

Lula  e seu time de aloprados estão destruindo o País, enquanto seus ilustres membros,desfrutam de vinhos, champanhe, lagostas e trufas em almoços e celebrações acerca deste gol contra a Pátria.","0","0","1","0","Tue Jun 18 21:23:00 +0000 2024","0","false","true"
"https://x.com/luigilol/status/1803147557385760920","https://twitter.com/luigilol/status/1803147557385760920","1803147557385760920","Difícil engolir essa relação entre @nubank e brasil paralelo. To com um cartão bom no Bradesco, o esquema vai ser migrar o uso do cartão pra lá e de investimento pro Inter.","0","0","0","0","Tue Jun 18 19:27:33 +0000 2024","0","false","true"
"https://x.com/Brularyssa/status/1803146758844776735","https://twitter.com/Brularyssa/status/1803146758844776735","1803146758844776735","Ainda mais com o combo app Bradesco + Internet Tim","0","0","0","0","Tue Jun 18 19:24:22 +0000 2024","0","false","true"
"https://x.com/louckley/status/1803129807959359891","https://twitter.com/louckley/status/1803129807959359891","1803129807959359891","Felizmente (ou infelizmente) sou usuária de bradesco","0","0","0","0","Tue Jun 18 18:17:01 +0000 2024","0","false","true"
"https://x.com/justhuepls/status/1803128363931893918","https://twitter.com/justhuepls/status/1803128363931893918","1803128363931893918","Cancelar nubank nao resolve e nunca vai resolver. Os donos do Inter nao são diferentes, nem os do Bradesco, Caixa, Santander ou qualquer outros.
A resposta não é assim que se alcança","0","0","0","0","Tue Jun 18 18:11:17 +0000 2024","0","false","true"
"https://x.com/bjaodabjork/status/1803127958514618791","https://twitter.com/bjaodabjork/status/1803127958514618791","1803127958514618791","o @Bradesco não libera meu cartão pra eu poder sair dessa máfia","0","1","1","0","Tue Jun 18 18:09:40 +0000 2024","0","false","true"
"https://x.com/biasantanac/status/1803125380364247060","https://twitter.com/biasantanac/status/1803125380364247060","1803125380364247060","eu indo pro Bradesco 🏃🏼🏃🏼🏃🏼","0","1","0","0","Tue Jun 18 17:59:25 +0000 2024","0","false","true"
"https://x.com/vitortingz/status/1803121382441582620","https://twitter.com/vitortingz/status/1803121382441582620","1803121382441582620","Por isso que estarei mudando para o Bradesco 💋","0","1","2","0","Tue Jun 18 17:43:32 +0000 2024","0","false","true"
"https://x.com/bearmoonchaos/status/1803114914208489538","https://twitter.com/bearmoonchaos/status/1803114914208489538","1803114914208489538","Já fiz uns cursos da Ada com o Bradesco acho, muito raso, e muita informação jogada já nossa cara e pouco tempo pra concluir","0","0","3","0","Tue Jun 18 17:17:50 +0000 2024","0","false","true"
"https://x.com/_EnteiShiny/status/1803082660404773242","https://twitter.com/_EnteiShiny/status/1803082660404773242","1803082660404773242","Ainda bem que o bradesco ja me ofereceu cartão com limite muito maior, posso voltar a usar banco que da pra ir gritar com o gerente pessoalmente","0","2","1","0","Tue Jun 18 15:09:40 +0000 2024","0","false","true"
"https://x.com/kellyguinho/status/1802820625385635965","https://twitter.com/kellyguinho/status/1802820625385635965","1802820625385635965","Inclusive JAMAIS irei perdoar o Bradesco por ter me impedido de comprar meu HE https://t.co/2My59qlOIU","0","0","0","0","Mon Jun 17 21:48:26 +0000 2024","0","false","true"
"https://x.com/euJaoHenrique/status/1802813910409760892","https://twitter.com/euJaoHenrique/status/1802813910409760892","1802813910409760892","Pensando nisso aqui, eu vou é voltar a usar BB e Bradesco e deixar esses bancos digitais mais de lado","0","0","0","0","Mon Jun 17 21:21:45 +0000 2024","0","false","true"
"https://x.com/spabysoul/status/1802745218900402440","https://twitter.com/spabysoul/status/1802745218900402440","1802745218900402440","Deve ser por isso que o pessoal do ESCAMBO (Itaú, Bradesco e Cia) está tão contente com os ganhos. Eles não mercado🙄","0","0","1","0","Mon Jun 17 16:48:48 +0000 2024","0","false","true"
"https://x.com/raifcr_/status/1802731174533759437","https://twitter.com/raifcr_/status/1802731174533759437","1802731174533759437","e começou mesmo, 10h da manhã e eu ligando p querido Bradesco 🥲","0","0","0","0","Mon Jun 17 15:52:59 +0000 2024","0","false","true"
"https://x.com/itslinacook/status/1802713943393071187","https://twitter.com/itslinacook/status/1802713943393071187","1802713943393071187","fiquei 3 dias pra resolver um problema no bradesco e simplesmente NAO CONSEGUI

abri uma conta no santander 
resolvi em 10 minutos","0","0","2","0","Mon Jun 17 14:44:31 +0000 2024","0","false","true"
"https://x.com/tatabadesso/status/1802632016422146091","https://twitter.com/tatabadesso/status/1802632016422146091","1802632016422146091","eita que fofoca boa","0","0","0","0","Mon Jun 17 09:18:58 +0000 2024","0","false","true"
"https://x.com/tatabadesso/status/1802507488211738658","https://twitter.com/tatabadesso/status/1802507488211738658","1802507488211738658","o que eu chorei vendo essa matéria não tá escrito","0","0","2","0","Mon Jun 17 01:04:08 +0000 2024","0","false","true"
"https://x.com/tatabadesso/status/1802071100840677399","https://twitter.com/tatabadesso/status/1802071100840677399","1802071100840677399","estou presa nesse vídeo","0","0","0","0","Sat Jun 15 20:10:05 +0000 2024","0","false","true"
"https://x.com/tatabadesso/status/1802070897332830526","https://twitter.com/tatabadesso/status/1802070897332830526","1802070897332830526","Ainda não consegui evoluir como Pokémon pra traumatizar os outros igual fazem comigo","0","0","0","0","Sat Jun 15 20:09:17 +0000 2024","0","false","true"
"https://x.com/tatabadesso/status/1802070672216301895","https://twitter.com/tatabadesso/status/1802070672216301895","1802070672216301895","é pedir muito?","0","0","0","0","Sat Jun 15 20:08:23 +0000 2024","0","false","true"
"https://x.com/VinnyBHOficial/status/1802026278742049171","https://twitter.com/VinnyBHOficial/status/1802026278742049171","1802026278742049171","OFERECIMENTO: @BTGPactual @xpinvestimentos @Bradesco @itau @santander_br ?","0","0","0","0","Sat Jun 15 17:11:59 +0000 2024","0","false","true"
"https://x.com/Mae_nicotina/status/1801801922250260653","https://twitter.com/Mae_nicotina/status/1801801922250260653","1801801922250260653","A Fundação Bradesco é uma escola privatizada e, é boa. Nenhum aluno lá paga mensalidade. Se educação pública fosse boa, o Mec não precisaria existir. 🤣🤣🤣","0","0","0","0","Sat Jun 15 02:20:28 +0000 2024","0","false","true"
"https://x.com/BanqueirosMatam/status/1801780897915556104","https://twitter.com/BanqueirosMatam/status/1801780897915556104","1801780897915556104","#jornaldacultura @jornal_cultura @tvcultura @Bradesco @BTGPactual @FEBRABAN
A Verdade sobre Rússia x Ucrânia escondida pelo Jornal da TV Cultura ""patrocinada"" pelos bancos Bradesco e BTG Pactual:","1","0","2","0","Sat Jun 15 00:56:56 +0000 2024","0","false","true"
"https://x.com/pewterbitch/status/1801770760924504461","https://twitter.com/pewterbitch/status/1801770760924504461","1801770760924504461","então senhor bradesco...","0","0","0","0","Sat Jun 15 00:16:39 +0000 2024","0","false","true"
